/*
Navicat MySQL Data Transfer

Source Server         : local
Source Server Version : 80013
Source Host           : localhost:3306
Source Database       : funds

Target Server Type    : MYSQL
Target Server Version : 80013
File Encoding         : 65001

Date: 2019-02-15 20:23:20
*/

SET FOREIGN_KEY_CHECKS=0;

-- ----------------------------
-- Table structure for apply_record
-- ----------------------------
DROP TABLE IF EXISTS `apply_record`;
CREATE TABLE `apply_record` (
  `id` varchar(255) CHARACTER SET utf8mb4 COLLATE utf8mb4_0900_ai_ci NOT NULL,
  `create_time` datetime(6) DEFAULT NULL,
  `date` varchar(255) CHARACTER SET utf8mb4 COLLATE utf8mb4_0900_ai_ci DEFAULT NULL,
  `money` double NOT NULL,
  `persons` varchar(255) CHARACTER SET utf8mb4 COLLATE utf8mb4_0900_ai_ci DEFAULT NULL,
  `reason` varchar(255) CHARACTER SET utf8mb4 COLLATE utf8mb4_0900_ai_ci DEFAULT NULL,
  `state` varchar(255) CHARACTER SET utf8mb4 COLLATE utf8mb4_0900_ai_ci DEFAULT NULL,
  `timestamps` datetime(6) DEFAULT NULL,
  `type` varchar(255) CHARACTER SET utf8mb4 COLLATE utf8mb4_0900_ai_ci DEFAULT NULL,
  `user_id` varchar(255) CHARACTER SET utf8mb4 COLLATE utf8mb4_0900_ai_ci DEFAULT NULL,
  PRIMARY KEY (`id`),
  KEY `FK3ya7rde8ifuka0kk8e7sxn5ii` (`user_id`) USING BTREE,
  CONSTRAINT `apply_record_ibfk_1` FOREIGN KEY (`user_id`) REFERENCES `user` (`id`) ON DELETE RESTRICT ON UPDATE RESTRICT
) ENGINE=InnoDB DEFAULT CHARSET=utf8mb4 COLLATE=utf8mb4_0900_ai_ci;

-- ----------------------------
-- Records of apply_record
-- ----------------------------
INSERT INTO `apply_record` VALUES ('40288f1867f2c73b0167f3148f460001', '2018-12-28 12:31:10.139000', '2018-12-10', '42', '曹培贺,王洋洋,项全,董旺林', '加班晚餐', '02', '2018-12-28 12:31:10.139000', '01', '40288f1867e9ec4a0167e9ee53b40000');
INSERT INTO `apply_record` VALUES ('40288f1867f2c73b0167f31585640002', '2018-12-28 12:19:48.000000', '2018-12-11', '20', '曹培贺', '加班晚餐', '02', '2018-12-28 12:51:41.130000', '01', '40288f1867e9ec4a0167e9ee53b40000');
INSERT INTO `apply_record` VALUES ('40288f1867f2c73b0167f31628330003', '2018-12-28 12:32:54.835000', '2018-12-13', '33', '曹培贺,董旺林', '加班晚餐', '02', '2018-12-28 12:32:54.835000', '01', '40288f1867e9ec4a0167e9ee53b40000');
INSERT INTO `apply_record` VALUES ('40288f1867f2c73b0167f316ad600004', '2018-12-28 12:33:28.928000', '2018-12-13', '42', '曹培贺,项全,董旺林', '加班晚餐', '02', '2018-12-28 12:33:28.928000', '01', '40288f1867e9ec4a0167e9ee53b40000');
INSERT INTO `apply_record` VALUES ('40288f1867f2c73b0167f31713890005', '2018-12-28 12:33:55.080000', '2018-12-14', '20', '曹培贺', '加班晚餐', '02', '2018-12-28 12:33:55.080000', '01', '40288f1867e9ec4a0167e9ee53b40000');
INSERT INTO `apply_record` VALUES ('40288f1867f2c73b0167f317a5470006', '2018-12-28 12:34:32.390000', '2018-12-15', '23', '曹培贺', '加班午餐+晚餐', '02', '2018-12-28 12:34:32.390000', '01', '40288f1867e9ec4a0167e9ee53b40000');
INSERT INTO `apply_record` VALUES ('40288f1867f2c73b0167f317f3c10007', '2018-12-28 12:34:52.481000', '2018-12-17', '12', '曹培贺', '加班晚餐', '02', '2018-12-28 12:34:52.481000', '01', '40288f1867e9ec4a0167e9ee53b40000');
INSERT INTO `apply_record` VALUES ('40288f1867f2c73b0167f3190c6d0008', '2018-12-28 12:36:04.333000', '2018-12-25', '20', '曹培贺', '加班晚餐', '02', '2018-12-28 12:36:04.333000', '01', '40288f1867e9ec4a0167e9ee53b40000');
INSERT INTO `apply_record` VALUES ('40288f1867f2c73b0167f34cefa1000a', '2018-12-28 13:32:44.831000', '2018-12-10 21:00', '12', '李天翔', '晚加班', '02', '2018-12-28 13:32:44.831000', '01', '40288f1867e9ec4a0167e9f659c20004');
INSERT INTO `apply_record` VALUES ('40288f1867f2c73b0167f34daa85000b', '2018-12-28 13:33:32.677000', '2018-12-10 21:00', '15', '李天翔', '晚加班，南四环至家', '02', '2018-12-28 13:33:32.677000', '02', '40288f1867e9ec4a0167e9f659c20004');
INSERT INTO `apply_record` VALUES ('40288f1867f2c73b0167f34e0a75000c', '2018-12-28 13:33:57.237000', '2018-12-11 21:00', '10', '李天翔', '晚加班', '02', '2018-12-28 13:33:57.237000', '01', '40288f1867e9ec4a0167e9f659c20004');
INSERT INTO `apply_record` VALUES ('40288f1867f2c73b0167f34e5ac7000d', '2018-12-28 13:34:17.799000', '2018-12-11 21:00', '15', '李天翔', '晚加班，南四环至家', '02', '2018-12-28 13:34:17.799000', '02', '40288f1867e9ec4a0167e9f659c20004');
INSERT INTO `apply_record` VALUES ('40288f1867f2c73b0167f34eda08000e', '2018-12-28 13:34:50.376000', '2018-12-12 21:00', '13', '李天翔', '晚加班', '02', '2018-12-28 13:34:50.376000', '01', '40288f1867e9ec4a0167e9f659c20004');
INSERT INTO `apply_record` VALUES ('40288f1867f2c73b0167f34f11c8000f', '2018-12-28 13:35:04.646000', '2018-12-12 21:00', '15', '李天翔', '晚加班，南四环至家', '02', '2018-12-28 13:35:04.646000', '02', '40288f1867e9ec4a0167e9f659c20004');
INSERT INTO `apply_record` VALUES ('40288f1867f2c73b0167f34fbe1b0010', '2018-12-28 13:35:48.763000', '2018-12-13 22:30', '12', '李天翔', '晚加班', '02', '2018-12-28 13:35:48.763000', '01', '40288f1867e9ec4a0167e9f659c20004');
INSERT INTO `apply_record` VALUES ('40288f1867f2c73b0167f35135ad0011', '2018-12-28 13:37:24.909000', '2018-12-13 22:30', '60', '李天翔', '晚加班，没有地铁，花园路至家', '02', '2018-12-28 13:37:24.909000', '02', '40288f1867e9ec4a0167e9f659c20004');
INSERT INTO `apply_record` VALUES ('40288f1867f2c73b0167f351ae880012', '2018-12-28 13:37:55.848000', '2018-12-14 23:00', '13', '李天翔', '晚加班', '02', '2018-12-28 13:37:55.848000', '01', '40288f1867e9ec4a0167e9f659c20004');
INSERT INTO `apply_record` VALUES ('40288f1867f2c73b0167f3521b880013', '2018-12-28 13:38:23.752000', '2018-12-14 23:00', '80', '李天翔', '晚加班，没有地铁，公司至家', '02', '2018-12-28 13:38:23.752000', '02', '40288f1867e9ec4a0167e9f659c20004');
INSERT INTO `apply_record` VALUES ('40288f1867f2c73b0167f352a5fa0014', '2018-12-28 13:38:59.193000', '2018-12-15 23:00', '26', '李天翔', '周末加班', '02', '2018-12-28 13:38:59.193000', '01', '40288f1867e9ec4a0167e9f659c20004');
INSERT INTO `apply_record` VALUES ('40288f1867f2c73b0167f352fb660015', '2018-12-28 13:39:21.062000', '2018-12-15 23:00', '80', '李天翔', '周末加班，没有地铁，公司至家', '02', '2018-12-28 13:39:21.062000', '02', '40288f1867e9ec4a0167e9f659c20004');
INSERT INTO `apply_record` VALUES ('40288f1867f2c73b0167f35366ba0016', '2018-12-28 13:39:48.538000', '2018-12-17 21:00', '13', '李天翔', '晚加班', '02', '2018-12-28 13:39:48.538000', '01', '40288f1867e9ec4a0167e9f659c20004');
INSERT INTO `apply_record` VALUES ('40288f1867f2c73b0167f353af740017', '2018-12-28 13:40:07.156000', '2018-12-17 21:00', '15', '李天翔', '晚加班', '02', '2018-12-28 13:40:07.156000', '02', '40288f1867e9ec4a0167e9f659c20004');
INSERT INTO `apply_record` VALUES ('40288f1867f2c73b0167f35405aa0018', '2018-12-28 13:40:29.226000', '2018-12-19 21:00', '12', '李天翔', '晚加班', '02', '2018-12-28 13:40:29.226000', '01', '40288f1867e9ec4a0167e9f659c20004');
INSERT INTO `apply_record` VALUES ('40288f1867f2c73b0167f354415d0019', '2018-12-28 13:40:44.509000', '2018-12-19 21:00', '15', '李天翔', '晚加班', '02', '2018-12-28 13:40:44.509000', '02', '40288f1867e9ec4a0167e9f659c20004');
INSERT INTO `apply_record` VALUES ('40288f1867f2c73b0167f35487b7001a', '2018-12-28 13:41:02.519000', '2018-12-20 21:00', '15', '李天翔', '晚加班', '02', '2018-12-28 13:41:02.519000', '02', '40288f1867e9ec4a0167e9f659c20004');
INSERT INTO `apply_record` VALUES ('40288f1867f2c73b0167f35557a3001b', '2018-12-28 13:41:55.747000', '2018-12-22 21:00', '26', '李天翔', '周末加班', '02', '2018-12-28 13:41:55.747000', '01', '40288f1867e9ec4a0167e9f659c20004');
INSERT INTO `apply_record` VALUES ('40288f1867f2c73b0167f3563ada001c', '2018-12-28 13:42:53.914000', '2018-12-22 21:00', '30', '李天翔', '周末加班，公司至柳林地铁站，南四环至家', '02', '2018-12-28 13:42:53.914000', '02', '40288f1867e9ec4a0167e9f659c20004');
INSERT INTO `apply_record` VALUES ('40288f1867f2c73b0167f392ca4b001d', '2018-12-28 14:49:02.790000', '2018-12-10 14:45', '15', '王硕', '晚上开发海南注册官项目加班', '02', '2018-12-28 14:49:02.790000', '01', '40288f1867e9ec4a0167e9f86a560008');
INSERT INTO `apply_record` VALUES ('40288f1867f2c73b0167f3933268001e', '2018-12-28 14:49:29.447000', '2018-12-11 14:45', '15', '王硕', '晚上梳理注册官人员数据加班', '02', '2018-12-28 14:49:29.447000', '01', '40288f1867e9ec4a0167e9f86a560008');
INSERT INTO `apply_record` VALUES ('40288f1867f2c73b0167f394503b001f', '2018-12-28 14:50:42.619000', '2018-12-12 14:50', '11', '王硕', '晚上开发海南注册官项目加班', '02', '2018-12-28 14:50:42.619000', '01', '40288f1867e9ec4a0167e9f86a560008');
INSERT INTO `apply_record` VALUES ('40288f1867f2c73b0167f394d2aa0020', '2018-12-28 14:51:16.009000', '2018-12-12 14:50', '60', '王硕', '晚上开发海南注册官项目加班', '02', '2018-12-28 14:51:16.009000', '02', '40288f1867e9ec4a0167e9f86a560008');
INSERT INTO `apply_record` VALUES ('40288f1867f2c73b0167f3954a1e0021', '2018-12-28 14:51:46.590000', '2018-12-13 14:50', '14', '王硕', '晚上开发海南注册官项目加班', '02', '2018-12-28 14:51:46.590000', '01', '40288f1867e9ec4a0167e9f86a560008');
INSERT INTO `apply_record` VALUES ('40288f1867f2c73b0167f3958a7f0022', '2018-12-28 14:52:03.071000', '2018-12-13 14:50', '62', '王硕', '晚上开发海南注册官项目加班', '02', '2018-12-28 14:52:03.071000', '02', '40288f1867e9ec4a0167e9f86a560008');
INSERT INTO `apply_record` VALUES ('40288f1867f2c73b0167f395e7df0023', '2018-12-28 14:52:26.975000', '2018-12-14 14:50', '15', '王硕', '晚上开发海南注册官项目加班', '02', '2018-12-28 14:52:26.975000', '01', '40288f1867e9ec4a0167e9f86a560008');
INSERT INTO `apply_record` VALUES ('40288f1867f2c73b0167f39677e80024', '2018-12-28 14:53:03.848000', '2018-12-15 14:50', '30', '王硕', '晚上开发海南注册官项目加班，午饭+晚饭', '02', '2018-12-28 14:53:03.848000', '01', '40288f1867e9ec4a0167e9f86a560008');
INSERT INTO `apply_record` VALUES ('40288f1867f2c73b0167f396e17c0025', '2018-12-28 14:53:30.876000', '2018-12-17 14:50', '15', '王硕', '晚上演示海南注册官项目加班', '02', '2018-12-28 14:53:30.876000', '01', '40288f1867e9ec4a0167e9f86a560008');
INSERT INTO `apply_record` VALUES ('40288f1867f2c73b0167f3974b430026', '2018-12-28 14:53:57.955000', '2018-12-17 14:50', '13', '王硕', '晚上演示海南注册官项目加班，出地铁打车', '02', '2018-12-28 14:53:57.955000', '02', '40288f1867e9ec4a0167e9f86a560008');
INSERT INTO `apply_record` VALUES ('40288f1867f2c73b0167f3979ec30027', '2018-12-28 14:54:19.331000', '2018-12-19 14:50', '12', '王硕', '晚上修改注册官项目加班', '02', '2018-12-28 14:54:19.331000', '01', '40288f1867e9ec4a0167e9f86a560008');
INSERT INTO `apply_record` VALUES ('40288f1867f2c73b0167f416937d0028', '2018-12-28 17:12:59.510000', '2018-12-10 18:00', '14', '马云飞', '晚加班餐费', '02', '2018-12-28 17:12:59.510000', '01', '40288f1867e9ec4a0167e9f6257c0003');
INSERT INTO `apply_record` VALUES ('40288f1867f2c73b0167f41720c30029', '2018-12-28 17:13:35.683000', '2018-12-11 18:00', '12', '马云飞', '晚加班餐费', '02', '2018-12-28 17:13:35.683000', '01', '40288f1867e9ec4a0167e9f6257c0003');
INSERT INTO `apply_record` VALUES ('40288f1867f2c73b0167f4178f5f002a', '2018-12-28 17:14:03.998000', '2018-12-12 18:00', '14', '马云飞', '晚加班餐费', '02', '2018-12-28 17:14:03.998000', '01', '40288f1867e9ec4a0167e9f6257c0003');
INSERT INTO `apply_record` VALUES ('40288f1867f2c73b0167f41832b8002b', '2018-12-28 17:14:45.816000', '2018-12-13 18:00', '12', '马云飞', '晚加班餐费', '02', '2018-12-28 17:14:45.816000', '01', '40288f1867e9ec4a0167e9f6257c0003');
INSERT INTO `apply_record` VALUES ('40288f1867f2c73b0167f41885ed002c', '2018-12-28 17:15:07.117000', '2018-12-14 18:00', '12', '马云飞', '晚加班餐费', '02', '2018-12-28 17:15:07.117000', '01', '40288f1867e9ec4a0167e9f6257c0003');
INSERT INTO `apply_record` VALUES ('40288f1867f2c73b0167f419cbe0002d', null, '2018-12-16 18:00', '26', '马云飞', '中午加晚上合计26', '02', '2018-12-28 17:19:22.360000', '01', '40288f1867e9ec4a0167e9f6257c0003');
INSERT INTO `apply_record` VALUES ('40288f1867f2c73b0167f41a5aae002e', null, '2018-12-17 18:00', '12', '马云飞', '晚加班餐费', '02', '2018-12-28 17:18:54.979000', '01', '40288f1867e9ec4a0167e9f6257c0003');
INSERT INTO `apply_record` VALUES ('40288f1867f2c73b0167f41bce360030', '2018-12-28 17:18:42.229000', '2018-12-19 18:00', '8', '马云飞', '晚加班餐费', '02', '2018-12-28 17:18:42.229000', '01', '40288f1867e9ec4a0167e9f6257c0003');
INSERT INTO `apply_record` VALUES ('40288f1867f2c73b0167f41f36c80031', '2018-12-28 17:22:25.608000', '2018-12-20 18:00', '12', '马云飞', '晚加班餐费', '02', '2018-12-28 17:22:25.608000', '01', '40288f1867e9ec4a0167e9f6257c0003');
INSERT INTO `apply_record` VALUES ('40288f1867f2c73b0167f420598d0032', '2018-12-28 17:23:40.044000', '2018-12-22 18:00', '28', '马云飞', '中午加晚上合计28', '02', '2018-12-28 17:23:40.044000', '01', '40288f1867e9ec4a0167e9f6257c0003');
INSERT INTO `apply_record` VALUES ('40288f1867f2c73b0167f421dcd20033', '2018-12-28 17:25:19.186000', '2018-12-10 18:00', '80', '马云飞', '电动车修理费', '02', '2018-12-28 17:25:19.186000', '02', '40288f1867e9ec4a0167e9f6257c0003');
INSERT INTO `apply_record` VALUES ('40288f1867f2c73b0167f46b50490034', '2018-12-28 18:45:32.870000', '2018-12-28', '120', '曹培贺,王洋洋,马云飞,李天翔,董旺林,张硕,王硕', '加班晚餐', '02', '2018-12-28 18:45:32.870000', '01', '40288f1867e9ec4a0167e9ee53b40000');
INSERT INTO `apply_record` VALUES ('40288f1867f2c73b0167f4a091130035', '2018-12-28 19:43:42.860000', '2018-12-27 18:40', '18', '董旺林', '晚餐', '02', '2018-12-28 19:43:42.860000', '01', '40288f1867e9ec4a0167e9f7b4890006');
INSERT INTO `apply_record` VALUES ('40288f1867f2c73b0167f781f1ad0036', null, '2018-12-12 21:00', '30', '张硕', '晚餐', '02', '2018-12-29 09:19:07.327000', '01', '40288f1867e9ec4a0167e9f7e52b0007');
INSERT INTO `apply_record` VALUES ('40288f1867f2c73b0167f782f1340037', null, '2018-12-11 21:00', '30', '张硕', '晚餐', '02', '2018-12-29 09:18:59.779000', '01', '40288f1867e9ec4a0167e9f7e52b0007');
INSERT INTO `apply_record` VALUES ('40288f1867f2c73b0167f783e9e70038', null, '2018-12-13 21:00', '30', '张硕', '晚餐', '02', '2018-12-29 09:19:14.813000', '01', '40288f1867e9ec4a0167e9f7e52b0007');
INSERT INTO `apply_record` VALUES ('40288f1867f2c73b0167f7848f540039', null, '2018-12-14 21:00', '30', '张硕', '晚餐', '02', '2018-12-29 09:19:23.394000', '01', '40288f1867e9ec4a0167e9f7e52b0007');
INSERT INTO `apply_record` VALUES ('40288f1867f2c73b0167f788963f003a', '2018-12-29 09:16:22.975000', '2018-12-15 21:00', '40', '张硕', '午餐加晚餐', '02', '2018-12-29 09:16:22.975000', '01', '40288f1867e9ec4a0167e9f7e52b0007');
INSERT INTO `apply_record` VALUES ('40288f1867f2c73b0167f7890c7b003b', '2018-12-29 09:16:53.243000', '2018-12-17 21:00', '20', '张硕', '晚餐', '02', '2018-12-29 09:16:53.243000', '01', '40288f1867e9ec4a0167e9f7e52b0007');
INSERT INTO `apply_record` VALUES ('40288f1867f2c73b0167f78989fb003c', '2018-12-29 09:17:25.371000', '2018-12-17 21:00', '20', '曹培贺,王洋洋,李天翔,项全,张硕,王硕', '油费', '02', '2018-12-29 09:17:25.371000', '03', '40288f1867e9ec4a0167e9f7e52b0007');
INSERT INTO `apply_record` VALUES ('40288f1867f2c73b0167f789ee76003d', '2018-12-29 09:17:51.094000', '2018-12-19 21:00', '25', '张硕', '晚餐', '02', '2018-12-29 09:17:51.094000', '01', '40288f1867e9ec4a0167e9f7e52b0007');
INSERT INTO `apply_record` VALUES ('40288f1867f2c73b0167f78a73e2003e', '2018-12-29 09:18:25.249000', '2018-12-22 21:00', '40', '张硕', '午餐加晚餐', '02', '2018-12-29 09:18:25.249000', '01', '40288f1867e9ec4a0167e9f7e52b0007');
INSERT INTO `apply_record` VALUES ('40288f1867f2c73b0167f78aca7c003f', '2018-12-29 09:18:47.420000', '2018-12-28 21:00', '28', '张硕', '晚餐', '02', '2018-12-29 09:18:47.420000', '01', '40288f1867e9ec4a0167e9f7e52b0007');
INSERT INTO `apply_record` VALUES ('40288f1867f7f71b0167f818df290000', '2018-12-29 11:53:58.807000', '2018-12-19 22:30', '12', '项全', '配合海南全程电子发版加班至10：30', '02', '2018-12-29 11:53:58.807000', '01', '40288f1867e9ec4a0167e9f706ca0005');
INSERT INTO `apply_record` VALUES ('40288f1867f7f71b0167f83c75870001', '2018-12-29 12:32:51.078000', '2018-12-19 22:30', '22', '项全', '配合海南全程电子发版加班至10：30', '02', '2018-12-29 12:32:51.078000', '02', '40288f1867e9ec4a0167e9f706ca0005');
INSERT INTO `apply_record` VALUES ('40288f1867f7f71b0167f83db87e0002', '2018-12-29 12:34:13.758000', '2018-12-20 21:30', '120', '曹培贺,王洋洋,马云飞,李天翔,项全,张硕', '加班吃饭', '02', '2018-12-29 12:34:13.758000', '01', '40288f1867e9ec4a0167e9f706ca0005');
INSERT INTO `apply_record` VALUES ('40288f1867f7f71b0167f843c80c0003', '2018-12-29 12:40:50.956000', '2018-12-10', '5', '郭小亮', '吃饭报销', '02', '2018-12-29 12:40:50.956000', '01', '40288f1867e9ec4a0167e9f4cff70002');
INSERT INTO `apply_record` VALUES ('40288f1867f7f71b0167f84479bd0004', '2018-12-29 12:41:36.444000', '2018-12-11', '15', '郭小亮', '吃饭报销', '02', '2018-12-29 12:41:48.391000', '01', '40288f1867e9ec4a0167e9f4cff70002');
INSERT INTO `apply_record` VALUES ('40288f1867f7f71b0167f84521420005', '2018-12-29 12:42:19.330000', '2018-12-12', '10', '郭小亮', '吃饭报销', '02', '2018-12-29 12:42:19.330000', '01', '40288f1867e9ec4a0167e9f4cff70002');
INSERT INTO `apply_record` VALUES ('40288f1867f7f71b0167f845b8bc0006', '2018-12-29 12:42:58.107000', '2018-12-13', '15', '郭小亮', '吃饭报销', '02', '2018-12-29 12:42:58.107000', '01', '40288f1867e9ec4a0167e9f4cff70002');
INSERT INTO `apply_record` VALUES ('40288f1867f7f71b0167f84606470007', '2018-12-29 12:43:17.959000', '2018-12-14', '8', '郭小亮', '吃饭报销', '02', '2018-12-29 12:43:17.959000', '01', '40288f1867e9ec4a0167e9f4cff70002');
INSERT INTO `apply_record` VALUES ('40288f1867f7f71b0167f8464e0f0008', '2018-12-29 12:43:36.335000', '2018-12-17', '12', '郭小亮', '吃饭报销', '02', '2018-12-29 12:43:36.335000', '01', '40288f1867e9ec4a0167e9f4cff70002');
INSERT INTO `apply_record` VALUES ('40288f1867f7f71b0167f8468b860009', '2018-12-29 12:43:52.070000', '2018-12-18', '78', '郭小亮', '吃饭报销', '02', '2018-12-29 12:43:52.070000', '01', '40288f1867e9ec4a0167e9f4cff70002');
INSERT INTO `apply_record` VALUES ('40288f1867f7f71b0167f8476276000a', '2018-12-29 12:44:47.093000', '2018-12-19', '24', '郭小亮', '吃饭报销', '02', '2018-12-29 12:44:47.093000', '01', '40288f1867e9ec4a0167e9f4cff70002');
INSERT INTO `apply_record` VALUES ('40288f1867f7f71b0167f8482281000b', '2018-12-29 12:45:36.257000', '2018-12-20', '20', '郭小亮', '从省局打车回来', '02', '2018-12-29 12:45:36.257000', '02', '40288f1867e9ec4a0167e9f4cff70002');
INSERT INTO `apply_record` VALUES ('40288f1867f7f71b0167f848c66d000c', '2018-12-29 12:46:18.221000', '2018-12-22', '46', '郭小亮', '从家打车到公司紧急处理海南现场问题', '02', '2018-12-29 12:46:18.221000', '02', '40288f1867e9ec4a0167e9f4cff70002');
INSERT INTO `apply_record` VALUES ('40288f1867f7f71b0167f84917c9000d', '2018-12-29 12:46:39.048000', '2018-12-22', '12', '郭小亮', '吃饭报销', '02', '2018-12-29 12:46:39.048000', '01', '40288f1867e9ec4a0167e9f4cff70002');
INSERT INTO `apply_record` VALUES ('40288f1867f7f71b0167f84a446c000e', '2018-12-29 12:47:56.012000', '2018-12-25', '110', '郭小亮', '吃饭报销（组内一起吃的麻辣香菇）', '02', '2018-12-29 12:47:56.012000', '01', '40288f1867e9ec4a0167e9f4cff70002');
INSERT INTO `apply_record` VALUES ('40288f1867f7f71b0167f8507497000f', '2018-12-29 12:54:41.559000', '2018-12-28 21:00', '15', '李天翔', '晚加班，南四环至家', '02', '2018-12-29 12:54:41.559000', '02', '40288f1867e9ec4a0167e9f659c20004');
INSERT INTO `apply_record` VALUES ('40288f1867f7f71b0167f85390230010', '2018-12-29 12:58:05.219000', '2018-12-15 12:00', '10', '王洋洋', '中午加班餐', '02', '2018-12-29 12:58:05.219000', '01', '40288f1867e9ec4a0167e9f40c620001');
INSERT INTO `apply_record` VALUES ('40288f1867f7f71b0167f85408d40011', '2018-12-29 12:58:36.116000', '2018-12-22 12:00', '10', '王洋洋', '中午加班餐', '02', '2018-12-29 12:58:36.116000', '01', '40288f1867e9ec4a0167e9f40c620001');
INSERT INTO `apply_record` VALUES ('40288f1867f7f71b0167f855f6490012', '2018-12-29 13:00:42.441000', '2018-12-22 23:55', '30', '王洋洋', '加班送人', '02', '2018-12-29 13:00:42.441000', '03', '40288f1867e9ec4a0167e9f40c620001');
INSERT INTO `apply_record` VALUES ('40288f1867f7f71b0167f85b8cad0013', '2018-12-29 13:06:48.621000', '2018-12-28 22:05', '20', '王硕', '配合发版加班，出地铁后没有公交打车回家', '02', '2018-12-29 13:07:11.570000', '02', '40288f1867e9ec4a0167e9f86a560008');
INSERT INTO `apply_record` VALUES ('40288f1867f7f71b0167f8769c600014', '2018-12-29 13:36:22.111000', '2018-12-27', '50', '刘鑫', 'main4流测试', '02', '2019-01-02 14:17:02.581000', '01', '40288f1867e9ec4a0167e9fc2bb9000c');
INSERT INTO `apply_record` VALUES ('40288f1867f7f71b0167f899ca150015', '2018-12-29 14:14:47.570000', '2018-12-22', '23', '项全', '配合海南全程电子发版加班至凌晨1：30', '02', '2018-12-29 14:14:47.570000', '02', '40288f1867e9ec4a0167e9f706ca0005');
INSERT INTO `apply_record` VALUES ('40288f1867f7f71b0167f89a87940016', '2018-12-29 14:15:36.084000', '2018-12-25', '22', '项全', '2018-12-25 配合海南全程电子发版加班至23：00 ', '02', '2018-12-29 14:15:36.084000', '02', '40288f1867e9ec4a0167e9f706ca0005');
INSERT INTO `apply_record` VALUES ('40288f1867f7f71b0167f89af2f70017', '2018-12-29 14:16:03.575000', '2018-12-25', '12', '项全', '2018-12-25 配合海南全程电子发版加班至23：00 ', '02', '2018-12-29 14:16:03.575000', '01', '40288f1867e9ec4a0167e9f706ca0005');
INSERT INTO `apply_record` VALUES ('40288f1867f7f71b0167f89b2a040018', '2018-12-29 14:16:17.668000', '2018-12-12 20:10', '12', '张二檬', '吃饭', '02', '2018-12-29 14:16:17.668000', '01', '40288f1867e9ec4a0167e9fbdd45000b');
INSERT INTO `apply_record` VALUES ('40288f1867f7f71b0167f89b899b0019', '2018-12-29 14:16:42.139000', '2018-12-28', '22', '项全', '2018-12-28 配合海南全程电子发版加班至9：30', '02', '2018-12-29 14:16:42.139000', '02', '40288f1867e9ec4a0167e9f706ca0005');
INSERT INTO `apply_record` VALUES ('40288f1867f7f71b0167f89bb38d001a', '2018-12-29 14:16:52.876000', '2018-12-12 20:10', '15', '张二檬', '打车', '02', '2018-12-29 14:16:52.876000', '02', '40288f1867e9ec4a0167e9fbdd45000b');
INSERT INTO `apply_record` VALUES ('40288f1867f7f71b0167f89bddbb001b', '2018-12-29 14:17:03.675000', '2018-12-28', '12', '项全', '2018-12-28 配合海南全程电子发版加班至9：30', '02', '2018-12-29 14:17:03.675000', '01', '40288f1867e9ec4a0167e9f706ca0005');
INSERT INTO `apply_record` VALUES ('40288f1867f7f71b0167f89d4430001c', '2018-12-29 14:18:35.440000', '2018-12-14 21:00', '40', '张二檬,刘鑫', '吃饭', '02', '2018-12-29 14:18:35.440000', '01', '40288f1867e9ec4a0167e9fbdd45000b');
INSERT INTO `apply_record` VALUES ('40288f1867f7f71b0167f89ddd13001d', '2018-12-29 14:19:14.578000', '2018-12-15 21:00', '35', '张二檬', '吃饭', '02', '2018-12-29 14:19:14.578000', '01', '40288f1867e9ec4a0167e9fbdd45000b');
INSERT INTO `apply_record` VALUES ('40288f1867f7f71b0167f89f4c26001e', '2018-12-29 14:20:48.549000', '2018-12-17 21:00', '39', '张二檬,刘鑫', '吃饭', '02', '2018-12-29 14:20:48.549000', '01', '40288f1867e9ec4a0167e9fbdd45000b');
INSERT INTO `apply_record` VALUES ('40288f1867f7f71b0167f8a0478c001f', '2018-12-29 14:21:52.907000', '2018-12-19 18:20', '15', '张二檬', '吃饭', '02', '2018-12-29 14:21:52.907000', '01', '40288f1867e9ec4a0167e9fbdd45000b');
INSERT INTO `apply_record` VALUES ('40288f1867f7f71b0167f8a0a6710020', '2018-12-29 14:22:17.200000', '2018-12-22 18:20', '25', '张二檬', '吃饭', '02', '2018-12-29 14:22:17.200000', '01', '40288f1867e9ec4a0167e9fbdd45000b');
INSERT INTO `apply_record` VALUES ('40288f1867f7f71b0167f8a184710021', '2018-12-29 14:23:14.033000', '2018-12-28 18:20', '26', '张二檬,刘鑫', '吃饭', '02', '2018-12-29 14:23:14.033000', '01', '40288f1867e9ec4a0167e9fbdd45000b');
INSERT INTO `apply_record` VALUES ('40288f1867f7f71b0167f8a2350d0022', '2018-12-29 14:23:59.245000', '2018-12-28 18:20', '5', '张二檬', '打车', '02', '2018-12-29 14:23:59.245000', '02', '40288f1867e9ec4a0167e9fbdd45000b');
INSERT INTO `apply_record` VALUES ('40288f18680c05de01680c7a1d3c0000', '2019-01-02 10:52:36.000000', '2018-12-13', '15', '杨素玲,徐晓唱', '网上业务测试', '02', '2019-01-02 10:52:36.000000', '02', '40288f1867e9ec4a0167e9f915a00009');
INSERT INTO `apply_record` VALUES ('40288f18680c05de01680c7ac8c60001', '2019-01-02 10:53:19.942000', '2018-12-14', '15', '杨素玲', '网上业务测试', '02', '2019-01-02 10:53:19.942000', '02', '40288f1867e9ec4a0167e9f915a00009');
INSERT INTO `apply_record` VALUES ('40288f18680c05de01680c7b7bef0002', '2019-01-02 10:54:05.806000', '2018-12-15', '51', '杨素玲,徐晓唱', '网上业务测试', '02', '2019-01-02 10:54:05.806000', '01', '40288f1867e9ec4a0167e9f915a00009');
INSERT INTO `apply_record` VALUES ('40288f18680c05de01680c7c07830003', '2019-01-02 10:54:41.539000', '2018-12-15', '50', '杨素玲', '网上业务测试（打车来回）', '02', '2019-01-02 10:54:41.539000', '02', '40288f1867e9ec4a0167e9f915a00009');
INSERT INTO `apply_record` VALUES ('40288f18680c05de01680c7c9e8b0004', '2019-01-02 10:55:20.202000', '2018-12-17', '15', '杨素玲', '网上业务测试', '02', '2019-01-02 10:55:20.202000', '01', '40288f1867e9ec4a0167e9f915a00009');
INSERT INTO `apply_record` VALUES ('40288f18680c05de01680c7d05220005', '2019-01-02 10:55:46.466000', '2018-12-17', '13', '杨素玲', '网上业务测试', '02', '2019-01-02 10:55:46.466000', '02', '40288f1867e9ec4a0167e9f915a00009');
INSERT INTO `apply_record` VALUES ('40288f18680c05de01680c7d7ca60006', '2019-01-02 10:56:17.062000', '2018-12-19', '15', '杨素玲', '网上业务测试', '02', '2019-01-02 10:56:17.062000', '01', '40288f1867e9ec4a0167e9f915a00009');
INSERT INTO `apply_record` VALUES ('40288f18680c05de01680c7dcee80007', '2019-01-02 10:56:38.120000', '2018-12-19', '15', '杨素玲', '网上业务测试', '02', '2019-01-02 10:56:38.120000', '02', '40288f1867e9ec4a0167e9f915a00009');
INSERT INTO `apply_record` VALUES ('40288f18680c05de01680c7e4df50008', '2019-01-02 10:57:10.644000', '2019-12-20', '23', '杨素玲,徐晓唱', '网上业务测试', '02', '2019-01-02 10:57:10.644000', '02', '40288f1867e9ec4a0167e9f915a00009');
INSERT INTO `apply_record` VALUES ('40288f18680c05de01680c7ec6930009', '2019-01-02 10:57:41.523000', '2018-12-21', '5', '杨素玲', '网上业务测试', '02', '2019-01-02 10:57:41.523000', '01', '40288f1867e9ec4a0167e9f915a00009');
INSERT INTO `apply_record` VALUES ('40288f18680c05de01680c7f2b78000a', '2019-01-02 10:58:07.352000', '2018-12-21', '14', '杨素玲', '网上业务测试', '02', '2019-01-02 10:58:07.352000', '02', '40288f1867e9ec4a0167e9f915a00009');
INSERT INTO `apply_record` VALUES ('40288f18680c05de01680d122e2d000b', '2019-01-02 13:38:41.830000', '2018-12-12', '42', '杨素玲,徐晓唱', '加班吃饭', '02', '2019-01-02 13:38:41.830000', '01', '40288f1867e9ec4a0167e9f9471e000a');
INSERT INTO `apply_record` VALUES ('40288f18680c05de01680d130718000c', '2019-01-02 13:39:37.367000', '2018-12-13', '33', '杨素玲,徐晓唱', '加班吃饭', '02', '2019-01-02 13:39:37.367000', '01', '40288f1867e9ec4a0167e9f9471e000a');
INSERT INTO `apply_record` VALUES ('40288f18680c05de01680d13ac42000d', '2019-01-02 13:40:19.650000', '2018-12-13', '18', '徐晓唱', '加班打车', '02', '2019-01-02 13:40:19.650000', '02', '40288f1867e9ec4a0167e9f9471e000a');
INSERT INTO `apply_record` VALUES ('40288f18680c05de01680d1471d9000e', '2019-01-02 13:41:10.232000', '2018-12-14', '22', '徐晓唱', '加班吃饭', '02', '2019-01-02 13:42:45.430000', '01', '40288f1867e9ec4a0167e9f9471e000a');
INSERT INTO `apply_record` VALUES ('40288f18680c05de01680d15baf0000f', '2019-01-02 13:42:34.480000', '2018-12-14', '17', '徐晓唱', '加班打车', '02', '2019-01-02 13:42:34.480000', '02', '40288f1867e9ec4a0167e9f9471e000a');
INSERT INTO `apply_record` VALUES ('40288f18680c05de01680d17d9410010', '2019-01-02 13:44:53.313000', '2018-12-15', '17', '徐晓唱', '加班吃饭', '02', '2019-01-02 13:44:53.313000', '01', '40288f1867e9ec4a0167e9f9471e000a');
INSERT INTO `apply_record` VALUES ('40288f18680c05de01680d18499d0011', '2019-01-02 13:45:22.076000', '2018-12-15', '24', '徐晓唱', '加班打车', '02', '2019-01-02 13:54:56.543000', '02', '40288f1867e9ec4a0167e9f9471e000a');
INSERT INTO `apply_record` VALUES ('40288f18680c05de01680d224c360012', '2019-01-02 13:56:18.102000', '2018-12-17', '18', '徐晓唱', '加班吃饭', '02', '2019-01-02 13:56:18.102000', '01', '40288f1867e9ec4a0167e9f9471e000a');
INSERT INTO `apply_record` VALUES ('40288f18680c05de01680d22bcb80013', '2019-01-02 13:56:46.903000', '2018-12-17', '17', '徐晓唱', '加班打车', '02', '2019-01-02 13:56:46.903000', '02', '40288f1867e9ec4a0167e9f9471e000a');
INSERT INTO `apply_record` VALUES ('40288f18680c05de01680d2375510014', '2019-01-02 13:57:34.161000', '2018-12-19', '21', '徐晓唱', '加班吃饭', '02', '2019-01-02 13:57:34.161000', '01', '40288f1867e9ec4a0167e9f9471e000a');
INSERT INTO `apply_record` VALUES ('40288f18680c05de01680d243f0f0015', '2019-01-02 13:58:25.806000', '2019-12-19', '13', '徐晓唱', '加班打车', '02', '2019-01-02 13:58:25.806000', '02', '40288f1867e9ec4a0167e9f9471e000a');
INSERT INTO `apply_record` VALUES ('40288f18680c05de01680d251b4e0016', '2019-01-02 13:59:22.190000', '2019-12-21', '28', '杨素玲,徐晓唱', '加班吃饭', '02', '2019-01-02 13:59:22.190000', '01', '40288f1867e9ec4a0167e9f9471e000a');
INSERT INTO `apply_record` VALUES ('40288f18680c05de01680d25ab020017', '2019-01-02 13:59:58.978000', '2018-12-21', '11', '徐晓唱', '加班打车', '02', '2019-01-02 14:00:08.717000', '02', '40288f1867e9ec4a0167e9f9471e000a');
INSERT INTO `apply_record` VALUES ('40288f18680c05de01680d267fff0018', '2019-01-02 14:00:53.503000', '2018-12-22', '20', '徐晓唱', '加班吃饭', '02', '2019-01-02 14:00:53.503000', '01', '40288f1867e9ec4a0167e9f9471e000a');
INSERT INTO `apply_record` VALUES ('40288f18680c05de01680d26f9a00019', '2019-01-02 14:01:24.640000', '2018-12-22', '15', '徐晓唱', '加班打车', '02', '2019-01-02 14:01:24.640000', '02', '40288f1867e9ec4a0167e9f9471e000a');
INSERT INTO `apply_record` VALUES ('40288f18680c05de01680d277383001a', '2019-01-02 14:01:55.841000', '2018-12-25', '15', '徐晓唱', '加班吃饭', '02', '2019-01-02 14:01:55.841000', '01', '40288f1867e9ec4a0167e9f9471e000a');
INSERT INTO `apply_record` VALUES ('40288f18680c05de01680d27f12d001b', '2019-01-02 14:02:28.011000', '2018-12-25', '13', '徐晓唱', '加班打车', '02', '2019-01-02 14:03:50.332000', '02', '40288f1867e9ec4a0167e9f9471e000a');
INSERT INTO `apply_record` VALUES ('40288f18680c05de01680d28f564001c', '2019-01-02 14:03:34.628000', '2018-12-27', '15', '徐晓唱', '加班吃饭', '02', '2019-01-02 14:03:43.506000', '01', '40288f1867e9ec4a0167e9f9471e000a');
INSERT INTO `apply_record` VALUES ('40288f18680c05de01680d29a46c001d', '2019-01-02 14:04:19.435000', '2018-12-27', '14', '徐晓唱', '加班打车', '02', '2019-01-02 14:04:19.435000', '02', '40288f1867e9ec4a0167e9f9471e000a');
INSERT INTO `apply_record` VALUES ('40288f18680c05de01680d2a9655001e', '2019-01-02 14:05:21.365000', '2018-12-28', '10', '徐晓唱', '加班吃饭', '02', '2019-01-02 14:05:21.365000', '01', '40288f1867e9ec4a0167e9f9471e000a');
INSERT INTO `apply_record` VALUES ('40288f18680c05de01680d2c60cb001f', '2019-01-02 14:07:18.730000', '2018-12-28', '12', '徐晓唱', '加班打车', '02', '2019-01-02 14:07:18.730000', '02', '40288f1867e9ec4a0167e9f9471e000a');
INSERT INTO `apply_record` VALUES ('40288f18680c05de01680d34792a0020', '2019-01-02 14:16:09.257000', '2018-12-19', '30', '刘鑫', '加班吃饭', '02', '2019-01-02 14:16:09.257000', '01', '40288f1867e9ec4a0167e9fc2bb9000c');
INSERT INTO `apply_record` VALUES ('40288f18680c05de01680d34f9200021', '2019-01-02 14:16:42.016000', '2018-12-21', '41', '刘鑫', '加班吃饭', '02', '2019-01-02 14:16:42.016000', '01', '40288f1867e9ec4a0167e9fc2bb9000c');
INSERT INTO `apply_record` VALUES ('40288f18680c05de01680d362f210022', '2019-01-02 14:18:01.376000', '2018-12-12', '21', '刘鑫', '加班吃饭', '02', '2019-01-02 14:18:01.376000', '01', '40288f1867e9ec4a0167e9fc2bb9000c');
INSERT INTO `apply_record` VALUES ('40288f18680c05de01680d36e63f0023', '2019-01-02 14:18:48.255000', '2018-12-13', '36', '刘鑫', '加班吃饭', '02', '2019-01-02 14:18:48.255000', '01', '40288f1867e9ec4a0167e9fc2bb9000c');
INSERT INTO `apply_record` VALUES ('40288f18680c05de01680d38114c0024', '2019-01-02 14:20:04.812000', '2018-12-14', '49', '刘鑫', '刘鑫、张二檬吃饭', '02', '2019-01-02 14:20:04.812000', '01', '40288f1867e9ec4a0167e9fc2bb9000c');
INSERT INTO `apply_record` VALUES ('40288f186811696f0168116e33a20000', '2019-01-03 09:57:41.405000', '2019-01-02', '13', '曹培贺', '加班晚餐', '02', '2019-01-03 09:57:41.405000', '01', '40288f1867e9ec4a0167e9ee53b40000');
INSERT INTO `apply_record` VALUES ('40288f186811750c0168122f4a670000', '2019-01-03 13:28:35.672000', '2019-01-02', '20', '张硕', '晚餐', '02', '2019-01-03 13:28:35.672000', '01', '40288f1867e9ec4a0167e9f7e52b0007');
INSERT INTO `apply_record` VALUES ('40288f186811750c01681350956b0001', '2019-01-03 18:44:34.793000', '2019-01-03', '110', '曹培贺,王洋洋,郭小亮,马云飞,李天翔,项全,董旺林,张硕', '晚餐', '02', '2019-01-03 18:44:34.793000', '01', '40288f1867e9ec4a0167e9f7e52b0007');
INSERT INTO `apply_record` VALUES ('40288f1868136f2a016813b956930000', '2019-01-03 20:38:59.982000', '2019-01-03', '46', '张二檬,刘鑫', '加班餐费2人', '01', '2019-01-03 20:38:59.982000', '01', '40288f1867e9ec4a0167e9fbdd45000b');
INSERT INTO `apply_record` VALUES ('40288f1868136f2a0168166396e10001', '2019-01-04 09:04:12.001000', '2019-01-03', '6', '张二檬', '分摊打车费', '01', '2019-01-04 09:04:12.001000', '02', '40288f1867e9ec4a0167e9fbdd45000b');
INSERT INTO `apply_record` VALUES ('40288f1868136f2a016816d59d9d0002', '2019-01-04 11:08:44.828000', '2019-01-02', '20', null, '晚上加班吃饭', '01', '2019-01-04 11:09:53.351000', '01', '40288f1867e9ec4a0167e9f86a560008');
INSERT INTO `apply_record` VALUES ('40288f1868136f2a016816d62a0d0003', '2019-01-04 11:09:20.780000', '2019-01-03', '20', '王硕', '晚上加班吃饭', '01', '2019-01-04 11:09:20.780000', '01', '40288f1867e9ec4a0167e9f86a560008');
INSERT INTO `apply_record` VALUES ('40288f1868136f2a016816d8d19a0004', '2019-01-04 11:12:14.746000', '2019-01-03', '70', '王硕', '开发股权出质电子档案移交加班', '01', '2019-01-04 11:12:14.746000', '02', '40288f1867e9ec4a0167e9f86a560008');
INSERT INTO `apply_record` VALUES ('40288f186825ea02016825ebe12a0000', '2019-01-07 09:27:22.149000', '2019-01-03', '15', '李天翔', '晚加班，南四环至家', '01', '2019-01-07 09:27:22.149000', '02', '40288f1867e9ec4a0167e9f659c20004');
INSERT INTO `apply_record` VALUES ('40288f186825ea02016825ec52660001', '2019-01-07 09:27:51.141000', '2019-01-04', '15', '李天翔', '晚加班，南四环至家', '01', '2019-01-07 09:27:51.141000', '02', '40288f1867e9ec4a0167e9f659c20004');
INSERT INTO `apply_record` VALUES ('40288f186825ea02016825ec9bc60002', '2019-01-07 09:28:09.926000', '2019-01-04', '13', '李天翔', '晚加班', '01', '2019-01-07 09:28:09.926000', '01', '40288f1867e9ec4a0167e9f659c20004');
INSERT INTO `apply_record` VALUES ('40288f186825ea02016825ee2d2d0003', '2019-01-07 09:29:52.684000', '2019-01-05', '60', '李天翔', '晚加班，没有地铁，花园路至家', '01', '2019-01-07 09:29:52.684000', '02', '40288f1867e9ec4a0167e9f659c20004');
INSERT INTO `apply_record` VALUES ('40288f186825ea020168266cab4b0004', '2019-01-07 11:48:02.506000', '2019-01-02', '10', null, '加班吃饭', '01', '2019-01-07 11:55:32.327000', '01', '40288f1867e9ec4a0167e9f9471e000a');
INSERT INTO `apply_record` VALUES ('40288f186825ea0201682674a0850005', '2019-01-07 11:56:44.036000', '2019-01-02', '13', '徐晓唱', '加班打车', '01', '2019-01-07 11:56:44.036000', '02', '40288f1867e9ec4a0167e9f9471e000a');
INSERT INTO `apply_record` VALUES ('40288f186825ea020168267518bd0006', '2019-01-07 11:57:14.813000', '2019-01-03', '10', '徐晓唱', '加班吃饭', '01', '2019-01-07 11:57:14.813000', '01', '40288f1867e9ec4a0167e9f9471e000a');
INSERT INTO `apply_record` VALUES ('40288f186825ea0201682676ffff0007', '2019-01-07 11:59:19.551000', '2019-01-03', '12', '徐晓唱', '加班打车', '01', '2019-01-07 11:59:19.551000', '02', '40288f1867e9ec4a0167e9f9471e000a');
INSERT INTO `apply_record` VALUES ('40288f186825ea020168267757cc0008', '2019-01-07 11:59:42.028000', '2019-01-04', '14', '徐晓唱', '加班吃饭', '01', '2019-01-07 11:59:42.028000', '01', '40288f1867e9ec4a0167e9f9471e000a');
INSERT INTO `apply_record` VALUES ('40288f186825ea02016826779a230009', '2019-01-07 11:59:59.011000', '2019-01-04', '11', '徐晓唱', '加班打车', '01', '2019-01-07 11:59:59.011000', '02', '40288f1867e9ec4a0167e9f9471e000a');
INSERT INTO `apply_record` VALUES ('40288f186825ea02016826783035000a', '2019-01-07 12:00:37.429000', '2019-01-05', '26', '徐晓唱', '加班午饭、晚饭', '01', '2019-01-07 12:00:37.429000', '01', '40288f1867e9ec4a0167e9f9471e000a');
INSERT INTO `apply_record` VALUES ('40288f186825ea02016826786dd1000b', '2019-01-07 12:00:53.201000', '2019-01-05', '25', '徐晓唱', '加班打车', '01', '2019-01-07 12:00:53.201000', '02', '40288f1867e9ec4a0167e9f9471e000a');
INSERT INTO `apply_record` VALUES ('40288f186825ea0201682b012794000c', '2019-01-08 09:08:42.514000', '2019-01-04', '16', '张二檬', '晚餐费', '01', '2019-01-08 09:08:42.514000', '01', '40288f1867e9ec4a0167e9fbdd45000b');
INSERT INTO `apply_record` VALUES ('40288f186825ea0201682b019088000d', '2019-01-08 09:09:09.383000', '2019-01-04', '6', '张二檬', '分摊打车费', '01', '2019-01-08 09:09:09.383000', '02', '40288f1867e9ec4a0167e9fbdd45000b');
INSERT INTO `apply_record` VALUES ('40288f186825ea0201682b037f9f000e', '2019-01-08 09:11:16.127000', '2019-01-05', '60', '张二檬', '午饭费及晚餐2人餐费', '01', '2019-01-08 09:11:16.127000', '01', '40288f1867e9ec4a0167e9fbdd45000b');
INSERT INTO `apply_record` VALUES ('40288f186825ea0201682b04196e000f', '2019-01-08 09:11:55.502000', '2019-01-05', '25', '张二檬', '打车费', '01', '2019-01-08 09:11:55.502000', '02', '40288f1867e9ec4a0167e9fbdd45000b');
INSERT INTO `apply_record` VALUES ('40288f186825ea0201682b43ec2f0010', '2019-01-08 10:21:38.223000', '2019-01-05', '25', '王硕', '配合发版加班吃饭', '01', '2019-01-08 10:21:38.223000', '01', '40288f1867e9ec4a0167e9f86a560008');
INSERT INTO `apply_record` VALUES ('40288f186825ea0201682b44a0ad0011', '2019-01-08 10:22:24.428000', '2019-01-07', '75', '王硕', '处理安徽股权出质现场材料目录表数据加班到12点', '01', '2019-01-08 10:22:24.428000', '02', '40288f1867e9ec4a0167e9f86a560008');
INSERT INTO `apply_record` VALUES ('40288f186831823001683250e35b0000', '2019-01-09 19:13:08.403000', '2019-01-09', '149', '曹培贺,王洋洋,郭小亮,李天翔,项全,董旺林,张硕', '晚加班', '01', '2019-01-09 19:13:08.403000', '01', '40288f1867e9ec4a0167e9f659c20004');
INSERT INTO `apply_record` VALUES ('40288f1868354cd60168357b80750000', '2019-01-10 09:58:32.807000', '2019-01-09', '15', '李天翔', '晚加班，南四环至家', '01', '2019-01-10 09:58:32.807000', '02', '40288f1867e9ec4a0167e9f659c20004');

-- ----------------------------
-- Table structure for funds_record
-- ----------------------------
DROP TABLE IF EXISTS `funds_record`;
CREATE TABLE `funds_record` (
  `id` varchar(255) CHARACTER SET utf8mb4 COLLATE utf8mb4_0900_ai_ci NOT NULL,
  `create_time` datetime(6) DEFAULT NULL,
  `give_date` varchar(255) CHARACTER SET utf8mb4 COLLATE utf8mb4_0900_ai_ci DEFAULT NULL,
  `money` double NOT NULL,
  `timestamps` datetime(6) DEFAULT NULL,
  `operate_date` varchar(255) CHARACTER SET utf8mb4 COLLATE utf8mb4_0900_ai_ci DEFAULT NULL,
  `valid` varchar(255) CHARACTER SET utf8mb4 COLLATE utf8mb4_0900_ai_ci DEFAULT NULL,
  PRIMARY KEY (`id`)
) ENGINE=InnoDB DEFAULT CHARSET=utf8mb4 COLLATE=utf8mb4_0900_ai_ci;

-- ----------------------------
-- Records of funds_record
-- ----------------------------
INSERT INTO `funds_record` VALUES ('40288f1867f97a330167f98097080001', '2018-12-29 18:26:53.320000', null, '1202.8', '2019-01-03 19:19:40.745000', '2018-12-09', '1');

-- ----------------------------
-- Table structure for lore
-- ----------------------------
DROP TABLE IF EXISTS `lore`;
CREATE TABLE `lore` (
  `id` bigint(20) NOT NULL AUTO_INCREMENT COMMENT '标识',
  `code` varchar(20) CHARACTER SET utf8mb4 COLLATE utf8mb4_0900_ai_ci DEFAULT NULL COMMENT '代码',
  `title` varchar(255) CHARACTER SET utf8mb4 COLLATE utf8mb4_0900_ai_ci DEFAULT NULL COMMENT '标题',
  `subtitle` varchar(255) CHARACTER SET utf8mb4 COLLATE utf8mb4_0900_ai_ci DEFAULT NULL COMMENT '副标题',
  `content` text CHARACTER SET utf8mb4 COLLATE utf8mb4_0900_ai_ci COMMENT '内容',
  `attach` text CHARACTER SET utf8mb4 COLLATE utf8mb4_0900_ai_ci COMMENT '附加',
  `parent_code` varchar(20) CHARACTER SET utf8mb4 COLLATE utf8mb4_0900_ai_ci DEFAULT NULL COMMENT '父类型',
  PRIMARY KEY (`id`)
) ENGINE=InnoDB AUTO_INCREMENT=63 DEFAULT CHARSET=utf8mb4 COLLATE=utf8mb4_0900_ai_ci;

-- ----------------------------
-- Records of lore
-- ----------------------------
INSERT INTO `lore` VALUES ('1', '01', '说明', '', '1、程序只是壳子，数据才是灵魂。\n\n2、数据库公用\n3、仅做参考\n4\n\n', '', '0');
INSERT INTO `lore` VALUES ('44', '02', 'ICPSP', '网上业务通用', '记录\n\n', '', '0');
INSERT INTO `lore` VALUES ('45', '02001', '名称相关内容', '名称登记相关内容', '配置项、功能记录查询等\n', '', '02');
INSERT INTO `lore` VALUES ('46', '020010001', '名称库开放查询地址', '名称库开放', 'http://IP:PORT/ICPSP/newNamecheck/nameCheckUI.action\n\n', '', '02001');
INSERT INTO `lore` VALUES ('47', '020010002', '住所详细地址配置项', '', '公用配置项：isCheckEntAddr 门牌号是否校验；Y表示校验，N表示不校验\n\n名称单独配置：isShowDetAddress：控制名称登记、自主核名是否显示录入详细门牌号录入项(当配置为N时，配置项isCheckEntAddr也应当配位N)，Y：显示；N：不显示\n\n\n', '', '02001');
INSERT INTO `lore` VALUES ('48', '020010003', '名称登记字段及Tab页配置', '自主核名类似，配置表不中，将DECLARED换为SELF即可', '共有三个配置表:\nCODE_NAMEDECLAREDDATUMCFG：配置区划与企业类型关联关系，未起到预期作用，但需配置（可配置区划前两位与企业类型）\n\nCODE_NAMEDECLAREDDATUMCFGCODE：配置各个附表与企业类型关系，即某个企业类型展示那些附表；目前附表共有五个，包括名称信息、投资人、委托代理人、审核结果反馈、上传材料；其中名称信息须配为启用、上传材料同时受到配置项控制，审核结果反馈一般不配置；附表code—name如下：base-名称信息、inv-投资人信息、agent-委托代理人、datum-上传材料、mail-审核结果反馈\n\nCODE_NAMEDECLAREDFIELDCFGCODE：配置各个字段与企业类型的关系，即某个企业类型展示那些字段；若配有字段则会展示基本信息Tab；code-name对应关系如下：nameHouse-房产信息、distCode-住所行政区划、entAddress-企业住所地（拟定企业住所）、industryType-主营业务、registerCapitel-注册资金、regCapitalUSD-注册资本折美元、businessArea-经营范围、orgName-登记机关/委托登记工商所、estateCred-房产证/不动产权证、parentMsg-总机构信息、allMoney-投资总额、investAmountUSD-投资总额折美元、currency-币种\n', '', '02001');
INSERT INTO `lore` VALUES ('49', '020010004', '常用数据表', '名称行政区划表、住所行政区划表、名称库、名称预先核准表、待预审表、行业类型表', '名称行政区划：code_regcode_area;  查询sql：select area.code,name,parent,parcode from code_regcode_area area left join code_regcode_sort sort on area.code=sort.code where chosign=\'Y\' order by sort.ORDERSIGN, area.code\n\n住所行政区划：CODE_REGCODE；sql：SELECT REGCODE.CODE,NAME,PARENT,PARCODE,ZZHMSIGN,MCDJSIGN FROM CODE_REGCODE REGCODE LEFT JOIN CODE_REGCODE_SORT SORT ON SORT.CODE = REGCODE.CODE WHERE CHOSIGN=\'Y\' ORDER BY SORT.ORDERSIGN , REGCODE.CODE\n\n名称库：REG_NAMESTORE\n\n名称预先核准表：REG_NAMEPREAPPR\n\n待预审表：PUB_BUSMAIINF，大字段信息：REG_BUSMAIINF_XMLDATA\n\n行业类型表：CODE_INDCODE\n\n上传材料：SIS_UPLOADINFO---上传材料信息表；SIS_UPLOADCONT----上传材料内容表\n\n', '', '02001');
INSERT INTO `lore` VALUES ('52', '020010005', '名称查重', '名称查重', '查重按顺序查询，查询到结果即返回，不再继续查询\n1、查名称全称，配置项nameKeyCheckSign启用时；先根据namekey（字号+行业+组织形式）查询，namekey一样也视为名称完全一样；若通过namekey查询，个体户名称行政区划才作为查询条件，其他企业类型当配置项nameCheckRegionByNameKey配Y时名称行政区划作为查询条件；namekey未查询到再通过名称全程查询\n\n2、行业类型查询条件：两种情况，一是根据门类查询（code长度为1），二是根据大类查询（code长度为2）\n\n3、检查字号重复条件：关键字重复、字号授权、商标授权\n\n4、检查名称相似：AddressRegionPositionFlag配置项启用时，住所行政区划作为查询条件；nameCheckRegion配置项启用时，名称行政区划作为查询条件\n', '', '02001');
INSERT INTO `lore` VALUES ('54', '03', '注册官系统', '注册官系统', '注册官系统\n', '', '0');
INSERT INTO `lore` VALUES ('55', '03001', '消息', '', '分为系统消息和一般消息，其中一般消息又分为待办消息和不接单消息\n\n系统消息：系统消息表：REGISTRAR_SYSMESSAGE、系统消息已推送记录：REGISTRAR_REGISTRAR_SYSMESSAGE、系统消息已读记录：REGISTRAR_READ_SYSMESSAGE\n\n一般消息：消息表：REGISTRAR_MESSAGE\n', '', '03');
INSERT INTO `lore` VALUES ('56', '030010001', '系统消息', '', '系统消息表：REGISTRAR_SYSMESSAGE\n系统消息已推送记录：REGISTRAR_REGISTRAR_SYSMESSAGE\n系统消息已读记录：REGISTRAR_READ_SYSMESSAGE\n\n给用户已经推送过写REGISTRAR_REGISTRAR_SYSMESSAGE表\n用户已经查看过写REGISTRAR_READ_SYSMESSAGE\n', '', '03001');
INSERT INTO `lore` VALUES ('57', '030010002', '一般消息', '', '消息表：REGISTRAR_MESSAGE\nmessage_type：消息类型，00：待办，01：不接单，02：系统 \nsign：已读、未读标志，0：已读，1：未读\npush_type：是否已推送，1：已推送，2：未推送\n', '', '03001');
INSERT INTO `lore` VALUES ('58', '03002', '节假日管理', '说明', '由两个部分组成：前台管理和sql生成工具\n', '', '03');
INSERT INTO `lore` VALUES ('59', '030020001', '前台管理', '', '添加工作日、添加休息日：点击后颜色改变，日历中可选择日期修改，提交后生效。\n', '', '03002');
INSERT INTO `lore` VALUES ('60', '030020002', 'sql生成工具', '', '须连网与jdk\n打开jar工具，选择存放位置和日期后，点击生成，等待提示成功，在存放位置找到sql文件，执行\n', '', '03002');
INSERT INTO `lore` VALUES ('61', '02002', '发版计划', '', '2月22号   TopICPSP v3.9main2   主要处理新表单改造及个体户网店经营\n2月22号   TopCSBS main1   主要处理个体户网店经营\n\n', '', '02');
INSERT INTO `lore` VALUES ('62', '02003', '配置项说明', '', '分模块分业务配置项说明\n', '', '02');

-- ----------------------------
-- Table structure for sys_permission
-- ----------------------------
DROP TABLE IF EXISTS `sys_permission`;
CREATE TABLE `sys_permission` (
  `id` bigint(20) unsigned NOT NULL AUTO_INCREMENT,
  `code` varchar(255) CHARACTER SET utf8mb4 COLLATE utf8mb4_general_ci DEFAULT NULL,
  `name` varchar(200) CHARACTER SET utf8mb4 COLLATE utf8mb4_general_ci NOT NULL,
  `description` varchar(200) CHARACTER SET utf8mb4 COLLATE utf8mb4_general_ci DEFAULT NULL,
  `url` varchar(200) CHARACTER SET utf8mb4 COLLATE utf8mb4_general_ci NOT NULL,
  `pid` bigint(20) DEFAULT NULL,
  `role_id` bigint(20) unsigned DEFAULT NULL,
  PRIMARY KEY (`id`),
  KEY `FKk9ru2110pc5m5ja96jh0dth0j` (`role_id`) USING BTREE,
  CONSTRAINT `sys_permission_ibfk_1` FOREIGN KEY (`role_id`) REFERENCES `sys_role` (`id`) ON DELETE RESTRICT ON UPDATE RESTRICT
) ENGINE=InnoDB AUTO_INCREMENT=3 DEFAULT CHARSET=utf8mb4 COLLATE=utf8mb4_general_ci;

-- ----------------------------
-- Records of sys_permission
-- ----------------------------

-- ----------------------------
-- Table structure for sys_role
-- ----------------------------
DROP TABLE IF EXISTS `sys_role`;
CREATE TABLE `sys_role` (
  `id` bigint(20) unsigned NOT NULL,
  `name` varchar(200) CHARACTER SET utf8mb4 COLLATE utf8mb4_general_ci NOT NULL,
  `user_id` int(11) DEFAULT NULL,
  `dsc` varchar(255) CHARACTER SET utf8mb4 COLLATE utf8mb4_general_ci DEFAULT NULL,
  `act_group` varchar(255) COLLATE utf8mb4_general_ci DEFAULT NULL,
  `act_role` varchar(255) COLLATE utf8mb4_general_ci DEFAULT NULL,
  PRIMARY KEY (`id`)
) ENGINE=InnoDB DEFAULT CHARSET=utf8mb4 COLLATE=utf8mb4_general_ci;

-- ----------------------------
-- Records of sys_role
-- ----------------------------
INSERT INTO `sys_role` VALUES ('1', 'ROLE_ADMIN', '1', '管理员', null, null);
INSERT INTO `sys_role` VALUES ('2', 'ROLE_USER', '2', '普通用户', null, null);
INSERT INTO `sys_role` VALUES ('3', 'ROLE_OTHER', '3', '其他用户', null, null);
INSERT INTO `sys_role` VALUES ('4', 'ROLE_SYSUSER', '4', '系统用户', null, null);

-- ----------------------------
-- Table structure for user
-- ----------------------------
DROP TABLE IF EXISTS `user`;
CREATE TABLE `user` (
  `id` varchar(255) CHARACTER SET utf8mb4 COLLATE utf8mb4_0900_ai_ci NOT NULL,
  `name` varchar(255) CHARACTER SET utf8mb4 COLLATE utf8mb4_0900_ai_ci DEFAULT NULL,
  `password` varchar(255) CHARACTER SET utf8mb4 COLLATE utf8mb4_0900_ai_ci DEFAULT NULL,
  `role_id` bigint(20) unsigned DEFAULT NULL,
  `nick_name` varchar(255) CHARACTER SET utf8mb4 COLLATE utf8mb4_0900_ai_ci DEFAULT NULL,
  PRIMARY KEY (`id`),
  KEY `FK708w171x6i1scts7dho5wvapg` (`role_id`) USING BTREE,
  CONSTRAINT `user_ibfk_1` FOREIGN KEY (`role_id`) REFERENCES `sys_role` (`id`) ON DELETE RESTRICT ON UPDATE RESTRICT
) ENGINE=InnoDB DEFAULT CHARSET=utf8mb4 COLLATE=utf8mb4_0900_ai_ci;

-- ----------------------------
-- Records of user
-- ----------------------------
INSERT INTO `user` VALUES ('40288f1867e82a910167e82c2a190000', 'admin', '$2a$10$EclvSr/6YFj7ddBIpMFHcO.cHGO9.Yml.blS8r6seHcDrsEzyuoO6', '1', '管理员');
INSERT INTO `user` VALUES ('40288f1867e9ec4a0167e9ee53b40000', 'caopeihe', '$2a$10$j8wYHaNhDMCd.X/Fprm7T.3RB5E4mvRrayILvphXWGF1cLGStK0Q.', '4', '曹培贺');
INSERT INTO `user` VALUES ('40288f1867e9ec4a0167e9f40c620001', 'wangyangyang', '$2a$10$Yb0hDz3jhVqZnP66jaZRTuevq7xrW3HQe5eCm6iWTxcaMhdcBEjI2', '2', '王洋洋');
INSERT INTO `user` VALUES ('40288f1867e9ec4a0167e9f4cff70002', 'guoxiaoliang', '$2a$10$ZpRoi/RRPWGY9P0YlVkUXOKEnekoZQZ22iQ5KCB7D7gcQzIquaLui', '2', '郭小亮');
INSERT INTO `user` VALUES ('40288f1867e9ec4a0167e9f6257c0003', 'mayunfei', '$2a$10$Rj4p092MsKdSqPofbiIpsOGtfOpyzx6QEr3uG1uo.wJ5VTwZ28BVy', '2', '马云飞');
INSERT INTO `user` VALUES ('40288f1867e9ec4a0167e9f659c20004', 'litianxiang', '$2a$10$SHvk4K4HbLtJjlzlwljDqOtCvs3mwFN99TGU0ITNpCf1/gdeipzp.', '2', '李天翔');
INSERT INTO `user` VALUES ('40288f1867e9ec4a0167e9f706ca0005', 'xiangquan', '$2a$10$7drD07epmp5qUDOqxwy1NeRM9K6N/0Xx.CoJ1jAuSL0NkUAQWF36.', '2', '项全');
INSERT INTO `user` VALUES ('40288f1867e9ec4a0167e9f7b4890006', 'dongwanglin', '$2a$10$Id4.xUPlVvAmdXZ.BSaqcObWzORthh1ial4uUtLNsHQnf2gBcF37e', '2', '董旺林');
INSERT INTO `user` VALUES ('40288f1867e9ec4a0167e9f7e52b0007', 'zhangshuo', '$2a$10$kWil/y1c/IZIeT5thGdfGuRyzZGmoax54zpeiFfFscGSRljjUj3HO', '2', '张硕');
INSERT INTO `user` VALUES ('40288f1867e9ec4a0167e9f86a560008', 'wangshuo', '$2a$10$zfqlJ8ukD9e/oqpjeYPd6elN6A48k8coWnyVD5.KsII30GFG.A.6u', '2', '王硕');
INSERT INTO `user` VALUES ('40288f1867e9ec4a0167e9f915a00009', 'yangsuling', '$2a$10$CkK01rJqnLlBAGvWbZfKve5UhCwPk2J1IAqXF2CcB6dNS/fAwmvyq', '2', '杨素玲');
INSERT INTO `user` VALUES ('40288f1867e9ec4a0167e9f9471e000a', 'xuxiaochang', '$2a$10$p6vI9ROYEoVAO1wYusLDZeLakD8vtwfO.P.t6zxmN/GB3Ikbc6/tu', '2', '徐晓唱');
INSERT INTO `user` VALUES ('40288f1867e9ec4a0167e9fbdd45000b', 'zhangermeng', '$2a$10$49pzzqbQnhLrSAhqokyCsuAd3xn8EE2CN4lL0Vs9iuMqJHjBgRsgi', '2', '张二檬');
INSERT INTO `user` VALUES ('40288f1867e9ec4a0167e9fc2bb9000c', 'liuxin', '$2a$10$EAYCcEov5WtmTcuHxkI0KeL18amwd22ES7UUXt8mOQa9TMweuulwm', '2', '刘鑫');
INSERT INTO `user` VALUES ('40288f1867f2c73b0167f329478f0009', 'test', '$2a$10$yeH9Q84Dsy7xzTLaRt/d5OE.Y25SCHSUQHdKi8kvVzO/ht9hfMCDC', '3', 'test');
